REF KEY,ORIGIN,Comment
00524000000m88DAAQ,Master,Refrence Record not found in child org
0051p000009EAuEAAW,Master,Refrence Record not found in child org
0051p000009EGMrAAO,Master,Refrence Record not found in child org
0051p000009EJ89AAG,Master,Refrence Record not found in child org
0051p00000AszpOAAR,Master,Refrence Record not found in child org
0051p00000AtGnyAAF,Master,Refrence Record not found in child org
00524000001dj5UAAQ,Master,Refrence Record not found in child org
00524000001dlWlAAI,Master,Refrence Record not found in child org
00524000001u53rAAA,Master,Refrence Record not found in child org
00524000007yiAiAAI,Master,Refrence Record not found in child org
00524000007ytbaAAA,Master,Refrence Record not found in child org
00524000007ytcYAAQ,Master,Refrence Record not found in child org
0051p00000ArktTAAR,Master,Refrence Record not found in child org
00524000000m88GAAQ,Master,Refrence Record not found in child org
